data,loja,regiao,produto,categoria,quantidade,preco_unitario
2025-01-03,Centro,Sudeste,Camiseta,Vestuário,10,49.9
2025-01-19,Centro,Sudeste,Camiseta,Vestuário,6,49.9
2025-01-13,Centro,Sudeste,Camiseta,Vestuário,11,49.9
2025-01-03,Centro,Sudeste,Calça,Vestuário,9,119.9
2025-01-06,Centro,Sudeste,Calça,Vestuário,2,119.9
2025-01-15,Centro,Sudeste,Calça,Vestuário,12,119.9
2025-01-21,Centro,Sudeste,Tênis,Calçados,10,199.9
2025-01-21,Centro,Sudeste,Tênis,Calçados,10,199.9
2025-01-15,Centro,Sudeste,Tênis,Calçados,2,199.9
2025-01-24,Centro,Sudeste,Sandália,Calçados,6,89.9
2025-01-15,Centro,Sudeste,Sandália,Calçados,5,89.9
2025-01-06,Centro,Sudeste,Sandália,Calçados,12,89.9
2025-01-22,Centro,Sudeste,Mochila,Acessórios,8,139.9
2025-01-12,Centro,Sudeste,Mochila,Acessórios,10,139.9
2025-01-16,Centro,Sudeste,Mochila,Acessórios,6,139.9
2025-01-13,Centro,Sudeste,Boné,Acessórios,3,39.9
2025-01-03,Centro,Sudeste,Boné,Acessórios,7,39.9
2025-01-25,Centro,Sudeste,Boné,Acessórios,1,39.9
2025-01-25,Norte,Norte,Camiseta,Vestuário,10,49.9
2025-01-08,Norte,Norte,Camiseta,Vestuário,8,49.9
2025-01-05,Norte,Norte,Camiseta,Vestuário,10,49.9
2025-01-20,Norte,Norte,Calça,Vestuário,5,119.9
2025-01-02,Norte,Norte,Calça,Vestuário,12,119.9
2025-01-13,Norte,Norte,Calça,Vestuário,11,119.9
2025-01-19,Norte,Norte,Tênis,Calçados,10,199.9
2025-01-22,Norte,Norte,Tênis,Calçados,3,199.9
2025-01-11,Norte,Norte,Tênis,Calçados,6,199.9
2025-01-14,Norte,Norte,Sandália,Calçados,1,89.9
2025-01-16,Norte,Norte,Sandália,Calçados,2,89.9
2025-01-21,Norte,Norte,Sandália,Calçados,9,89.9
2025-01-26,Norte,Norte,Mochila,Acessórios,9,139.9
2025-01-11,Norte,Norte,Mochila,Acessórios,12,139.9
2025-01-12,Norte,Norte,Mochila,Acessórios,4,139.9
2025-01-26,Norte,Norte,Boné,Acessórios,5,39.9
2025-01-03,Norte,Norte,Boné,Acessórios,6,39.9
2025-01-23,Norte,Norte,Boné,Acessórios,3,39.9
2025-01-13,Sul,Sul,Camiseta,Vestuário,2,49.9
2025-01-20,Sul,Sul,Camiseta,Vestuário,6,49.9
2025-01-10,Sul,Sul,Camiseta,Vestuário,3,49.9
2025-01-16,Sul,Sul,Calça,Vestuário,9,119.9
2025-01-27,Sul,Sul,Calça,Vestuário,6,119.9
2025-01-05,Sul,Sul,Calça,Vestuário,10,119.9
2025-01-18,Sul,Sul,Tênis,Calçados,9,199.9
2025-01-03,Sul,Sul,Tênis,Calçados,4,199.9
2025-01-22,Sul,Sul,Tênis,Calçados,10,199.9
2025-01-13,Sul,Sul,Sandália,Calçados,10,89.9
2025-01-24,Sul,Sul,Sandália,Calçados,5,89.9
2025-01-26,Sul,Sul,Sandália,Calçados,4,89.9
2025-01-07,Sul,Sul,Mochila,Acessórios,9,139.9
2025-01-18,Sul,Sul,Mochila,Acessórios,2,139.9
2025-01-24,Sul,Sul,Mochila,Acessórios,3,139.9
2025-01-23,Sul,Sul,Boné,Acessórios,1,39.9
2025-01-23,Sul,Sul,Boné,Acessórios,10,39.9
2025-01-22,Sul,Sul,Boné,Acessórios,8,39.9
2025-01-14,Leste,Nordeste,Camiseta,Vestuário,9,49.9
2025-01-08,Leste,Nordeste,Camiseta,Vestuário,10,49.9
2025-01-16,Leste,Nordeste,Camiseta,Vestuário,6,49.9
2025-01-15,Leste,Nordeste,Calça,Vestuário,7,119.9
2025-01-02,Leste,Nordeste,Calça,Vestuário,2,119.9
2025-01-07,Leste,Nordeste,Calça,Vestuário,2,119.9
2025-01-13,Leste,Nordeste,Tênis,Calçados,9,199.9
2025-01-19,Leste,Nordeste,Tênis,Calçados,6,199.9
2025-01-24,Leste,Nordeste,Tênis,Calçados,7,199.9
2025-01-03,Leste,Nordeste,Sandália,Calçados,10,89.9
2025-01-17,Leste,Nordeste,Sandália,Calçados,8,89.9
2025-01-16,Leste,Nordeste,Sandália,Calçados,7,89.9
2025-01-03,Leste,Nordeste,Mochila,Acessórios,7,139.9
2025-01-23,Leste,Nordeste,Mochila,Acessórios,4,139.9
2025-01-17,Leste,Nordeste,Mochila,Acessórios,1,139.9
2025-01-10,Leste,Nordeste,Boné,Acessórios,6,39.9
2025-01-28,Leste,Nordeste,Boné,Acessórios,3,39.9
2025-01-08,Leste,Nordeste,Boné,Acessórios,5,39.9
2025-02-28,Centro,Sudeste,Camiseta,Vestuário,11,49.9
2025-02-01,Centro,Sudeste,Camiseta,Vestuário,3,49.9
2025-02-24,Centro,Sudeste,Camiseta,Vestuário,1,49.9
2025-02-24,Centro,Sudeste,Calça,Vestuário,4,119.9
2025-02-26,Centro,Sudeste,Calça,Vestuário,4,119.9
2025-02-13,Centro,Sudeste,Calça,Vestuário,8,119.9
2025-02-04,Centro,Sudeste,Tênis,Calçados,7,199.9
2025-02-15,Centro,Sudeste,Tênis,Calçados,10,199.9
2025-02-28,Centro,Sudeste,Tênis,Calçados,8,199.9
2025-02-12,Centro,Sudeste,Sandália,Calçados,5,89.9
2025-02-12,Centro,Sudeste,Sandália,Calçados,10,89.9
2025-02-09,Centro,Sudeste,Sandália,Calçados,3,89.9
2025-02-10,Centro,Sudeste,Mochila,Acessórios,1,139.9
2025-02-03,Centro,Sudeste,Mochila,Acessórios,2,139.9
2025-02-22,Centro,Sudeste,Mochila,Acessórios,9,139.9
2025-02-20,Centro,Sudeste,Boné,Acessórios,6,39.9
2025-02-21,Centro,Sudeste,Boné,Acessórios,2,39.9
2025-02-26,Centro,Sudeste,Boné,Acessórios,7,39.9
2025-02-27,Norte,Norte,Camiseta,Vestuário,2,49.9
2025-02-14,Norte,Norte,Camiseta,Vestuário,9,49.9
2025-02-14,Norte,Norte,Camiseta,Vestuário,6,49.9
2025-02-05,Norte,Norte,Calça,Vestuário,5,119.9
2025-02-07,Norte,Norte,Calça,Vestuário,4,119.9
2025-02-20,Norte,Norte,Calça,Vestuário,8,119.9
2025-02-18,Norte,Norte,Tênis,Calçados,5,199.9
2025-02-27,Norte,Norte,Tênis,Calçados,2,199.9
2025-02-10,Norte,Norte,Tênis,Calçados,2,199.9
2025-02-10,Norte,Norte,Sandália,Calçados,12,89.9
2025-02-11,Norte,Norte,Sandália,Calçados,11,89.9
2025-02-14,Norte,Norte,Sandália,Calçados,9,89.9
2025-02-13,Norte,Norte,Mochila,Acessórios,4,139.9
2025-02-22,Norte,Norte,Mochila,Acessórios,12,139.9
2025-02-08,Norte,Norte,Mochila,Acessórios,10,139.9
2025-02-08,Norte,Norte,Boné,Acessórios,9,39.9
2025-02-23,Norte,Norte,Boné,Acessórios,6,39.9
2025-02-21,Norte,Norte,Boné,Acessórios,4,39.9
2025-02-03,Sul,Sul,Camiseta,Vestuário,2,49.9
2025-02-13,Sul,Sul,Camiseta,Vestuário,11,49.9
2025-02-04,Sul,Sul,Camiseta,Vestuário,6,49.9
2025-02-20,Sul,Sul,Calça,Vestuário,3,119.9
2025-02-21,Sul,Sul,Calça,Vestuário,4,119.9
2025-02-23,Sul,Sul,Calça,Vestuário,7,119.9
2025-02-16,Sul,Sul,Tênis,Calçados,3,199.9
2025-02-13,Sul,Sul,Tênis,Calçados,11,199.9
2025-02-01,Sul,Sul,Tênis,Calçados,10,199.9
2025-02-14,Sul,Sul,Sandália,Calçados,9,89.9
2025-02-19,Sul,Sul,Sandália,Calçados,6,89.9
2025-02-09,Sul,Sul,Sandália,Calçados,8,89.9
2025-02-04,Sul,Sul,Mochila,Acessórios,8,139.9
2025-02-03,Sul,Sul,Mochila,Acessórios,8,139.9
2025-02-18,Sul,Sul,Mochila,Acessórios,2,139.9
2025-02-22,Sul,Sul,Boné,Acessórios,5,39.9
2025-02-23,Sul,Sul,Boné,Acessórios,1,39.9
2025-02-06,Sul,Sul,Boné,Acessórios,6,39.9
2025-02-06,Leste,Nordeste,Camiseta,Vestuário,4,49.9
2025-02-19,Leste,Nordeste,Camiseta,Vestuário,2,49.9
2025-02-19,Leste,Nordeste,Camiseta,Vestuário,2,49.9
2025-02-05,Leste,Nordeste,Calça,Vestuário,8,119.9
2025-02-23,Leste,Nordeste,Calça,Vestuário,3,119.9
2025-02-09,Leste,Nordeste,Calça,Vestuário,12,119.9
2025-02-28,Leste,Nordeste,Tênis,Calçados,7,199.9
2025-02-13,Leste,Nordeste,Tênis,Calçados,5,199.9
2025-02-18,Leste,Nordeste,Tênis,Calçados,8,199.9
2025-02-09,Leste,Nordeste,Sandália,Calçados,1,89.9
2025-02-05,Leste,Nordeste,Sandália,Calçados,12,89.9
2025-02-12,Leste,Nordeste,Sandália,Calçados,6,89.9
2025-02-14,Leste,Nordeste,Mochila,Acessórios,10,139.9
2025-02-02,Leste,Nordeste,Mochila,Acessórios,1,139.9
2025-02-08,Leste,Nordeste,Mochila,Acessórios,6,139.9
2025-02-19,Leste,Nordeste,Boné,Acessórios,6,39.9
2025-02-13,Leste,Nordeste,Boné,Acessórios,12,39.9
2025-02-05,Leste,Nordeste,Boné,Acessórios,7,39.9
2025-03-16,Centro,Sudeste,Camiseta,Vestuário,6,49.9
2025-03-23,Centro,Sudeste,Camiseta,Vestuário,4,49.9
2025-03-27,Centro,Sudeste,Camiseta,Vestuário,4,49.9
2025-03-16,Centro,Sudeste,Calça,Vestuário,7,119.9
2025-03-24,Centro,Sudeste,Calça,Vestuário,6,119.9
2025-03-08,Centro,Sudeste,Calça,Vestuário,1,119.9
2025-03-11,Centro,Sudeste,Tênis,Calçados,10,199.9
2025-03-01,Centro,Sudeste,Tênis,Calçados,11,199.9
2025-03-16,Centro,Sudeste,Tênis,Calçados,2,199.9
2025-03-09,Centro,Sudeste,Sandália,Calçados,7,89.9
2025-03-09,Centro,Sudeste,Sandália,Calçados,2,89.9
2025-03-19,Centro,Sudeste,Sandália,Calçados,9,89.9
2025-03-04,Centro,Sudeste,Mochila,Acessórios,4,139.9
2025-03-07,Centro,Sudeste,Mochila,Acessórios,8,139.9
2025-03-21,Centro,Sudeste,Mochila,Acessórios,9,139.9
2025-03-27,Centro,Sudeste,Boné,Acessórios,10,39.9
2025-03-09,Centro,Sudeste,Boné,Acessórios,2,39.9
2025-03-18,Centro,Sudeste,Boné,Acessórios,11,39.9
2025-03-28,Norte,Norte,Camiseta,Vestuário,3,49.9
2025-03-07,Norte,Norte,Camiseta,Vestuário,1,49.9
2025-03-04,Norte,Norte,Camiseta,Vestuário,7,49.9
2025-03-16,Norte,Norte,Calça,Vestuário,5,119.9
2025-03-09,Norte,Norte,Calça,Vestuário,10,119.9
2025-03-13,Norte,Norte,Calça,Vestuário,10,119.9
2025-03-27,Norte,Norte,Tênis,Calçados,4,199.9
2025-03-06,Norte,Norte,Tênis,Calçados,12,199.9
2025-03-18,Norte,Norte,Tênis,Calçados,4,199.9
2025-03-18,Norte,Norte,Sandália,Calçados,7,89.9
2025-03-26,Norte,Norte,Sandália,Calçados,4,89.9
2025-03-28,Norte,Norte,Sandália,Calçados,12,89.9
2025-03-06,Norte,Norte,Mochila,Acessórios,2,139.9
2025-03-15,Norte,Norte,Mochila,Acessórios,1,139.9
2025-03-09,Norte,Norte,Mochila,Acessórios,6,139.9
2025-03-28,Norte,Norte,Boné,Acessórios,12,39.9
2025-03-05,Norte,Norte,Boné,Acessórios,11,39.9
2025-03-03,Norte,Norte,Boné,Acessórios,9,39.9
2025-03-24,Sul,Sul,Camiseta,Vestuário,11,49.9
2025-03-07,Sul,Sul,Camiseta,Vestuário,11,49.9
2025-03-04,Sul,Sul,Camiseta,Vestuário,7,49.9
2025-03-14,Sul,Sul,Calça,Vestuário,4,119.9
2025-03-01,Sul,Sul,Calça,Vestuário,10,119.9
2025-03-10,Sul,Sul,Calça,Vestuário,8,119.9
2025-03-12,Sul,Sul,Tênis,Calçados,5,199.9
2025-03-25,Sul,Sul,Tênis,Calçados,2,199.9
2025-03-21,Sul,Sul,Tênis,Calçados,9,199.9
2025-03-11,Sul,Sul,Sandália,Calçados,4,89.9
2025-03-01,Sul,Sul,Sandália,Calçados,12,89.9
2025-03-27,Sul,Sul,Sandália,Calçados,3,89.9
2025-03-01,Sul,Sul,Mochila,Acessórios,2,139.9
2025-03-02,Sul,Sul,Mochila,Acessórios,10,139.9
2025-03-25,Sul,Sul,Mochila,Acessórios,2,139.9
2025-03-21,Sul,Sul,Boné,Acessórios,3,39.9
2025-03-11,Sul,Sul,Boné,Acessórios,8,39.9
2025-03-21,Sul,Sul,Boné,Acessórios,11,39.9
2025-03-02,Leste,Nordeste,Camiseta,Vestuário,3,49.9
2025-03-08,Leste,Nordeste,Camiseta,Vestuário,4,49.9
2025-03-28,Leste,Nordeste,Camiseta,Vestuário,10,49.9
2025-03-09,Leste,Nordeste,Calça,Vestuário,12,119.9
2025-03-14,Leste,Nordeste,Calça,Vestuário,7,119.9
2025-03-13,Leste,Nordeste,Calça,Vestuário,2,119.9
2025-03-27,Leste,Nordeste,Tênis,Calçados,1,199.9
2025-03-05,Leste,Nordeste,Tênis,Calçados,3,199.9
2025-03-08,Leste,Nordeste,Tênis,Calçados,2,199.9
2025-03-01,Leste,Nordeste,Sandália,Calçados,9,89.9
2025-03-28,Leste,Nordeste,Sandália,Calçados,2,89.9
2025-03-09,Leste,Nordeste,Sandália,Calçados,7,89.9
2025-03-26,Leste,Nordeste,Mochila,Acessórios,9,139.9
2025-03-22,Leste,Nordeste,Mochila,Acessórios,7,139.9
2025-03-12,Leste,Nordeste,Mochila,Acessórios,3,139.9
2025-03-25,Leste,Nordeste,Boné,Acessórios,10,39.9
2025-03-01,Leste,Nordeste,Boné,Acessórios,9,39.9
2025-03-03,Leste,Nordeste,Boné,Acessórios,9,39.9
2025-04-24,Centro,Sudeste,Camiseta,Vestuário,2,49.9
2025-04-13,Centro,Sudeste,Camiseta,Vestuário,2,49.9
2025-04-16,Centro,Sudeste,Camiseta,Vestuário,12,49.9
2025-04-03,Centro,Sudeste,Calça,Vestuário,5,119.9
2025-04-28,Centro,Sudeste,Calça,Vestuário,4,119.9
2025-04-04,Centro,Sudeste,Calça,Vestuário,6,119.9
2025-04-15,Centro,Sudeste,Tênis,Calçados,8,199.9
2025-04-09,Centro,Sudeste,Tênis,Calçados,12,199.9
2025-04-15,Centro,Sudeste,Tênis,Calçados,4,199.9
2025-04-27,Centro,Sudeste,Sandália,Calçados,12,89.9
2025-04-14,Centro,Sudeste,Sandália,Calçados,1,89.9
2025-04-17,Centro,Sudeste,Sandália,Calçados,7,89.9
2025-04-05,Centro,Sudeste,Mochila,Acessórios,8,139.9
2025-04-24,Centro,Sudeste,Mochila,Acessórios,2,139.9
2025-04-21,Centro,Sudeste,Mochila,Acessórios,2,139.9
2025-04-21,Centro,Sudeste,Boné,Acessórios,6,39.9
2025-04-01,Centro,Sudeste,Boné,Acessórios,12,39.9
2025-04-05,Centro,Sudeste,Boné,Acessórios,8,39.9
2025-04-06,Norte,Norte,Camiseta,Vestuário,12,49.9
2025-04-21,Norte,Norte,Camiseta,Vestuário,10,49.9
2025-04-13,Norte,Norte,Camiseta,Vestuário,6,49.9
2025-04-18,Norte,Norte,Calça,Vestuário,10,119.9
2025-04-24,Norte,Norte,Calça,Vestuário,1,119.9
2025-04-19,Norte,Norte,Calça,Vestuário,2,119.9
2025-04-09,Norte,Norte,Tênis,Calçados,10,199.9
2025-04-08,Norte,Norte,Tênis,Calçados,10,199.9
2025-04-13,Norte,Norte,Tênis,Calçados,3,199.9
2025-04-10,Norte,Norte,Sandália,Calçados,7,89.9
2025-04-22,Norte,Norte,Sandália,Calçados,8,89.9
2025-04-27,Norte,Norte,Sandália,Calçados,11,89.9
2025-04-22,Norte,Norte,Mochila,Acessórios,8,139.9
2025-04-09,Norte,Norte,Mochila,Acessórios,5,139.9
2025-04-04,Norte,Norte,Mochila,Acessórios,5,139.9
2025-04-26,Norte,Norte,Boné,Acessórios,6,39.9
2025-04-04,Norte,Norte,Boné,Acessórios,8,39.9
2025-04-27,Norte,Norte,Boné,Acessórios,11,39.9
2025-04-08,Sul,Sul,Camiseta,Vestuário,6,49.9
2025-04-15,Sul,Sul,Camiseta,Vestuário,3,49.9
2025-04-08,Sul,Sul,Camiseta,Vestuário,3,49.9
2025-04-28,Sul,Sul,Calça,Vestuário,9,119.9
2025-04-24,Sul,Sul,Calça,Vestuário,10,119.9
2025-04-27,Sul,Sul,Calça,Vestuário,2,119.9
2025-04-25,Sul,Sul,Tênis,Calçados,1,199.9
2025-04-14,Sul,Sul,Tênis,Calçados,8,199.9
2025-04-11,Sul,Sul,Tênis,Calçados,2,199.9
2025-04-06,Sul,Sul,Sandália,Calçados,10,89.9
2025-04-09,Sul,Sul,Sandália,Calçados,4,89.9
2025-04-26,Sul,Sul,Sandália,Calçados,2,89.9
2025-04-26,Sul,Sul,Mochila,Acessórios,12,139.9
2025-04-17,Sul,Sul,Mochila,Acessórios,2,139.9
2025-04-05,Sul,Sul,Mochila,Acessórios,4,139.9
2025-04-17,Sul,Sul,Boné,Acessórios,2,39.9
2025-04-13,Sul,Sul,Boné,Acessórios,2,39.9
2025-04-16,Sul,Sul,Boné,Acessórios,1,39.9
2025-04-20,Leste,Nordeste,Camiseta,Vestuário,1,49.9
2025-04-06,Leste,Nordeste,Camiseta,Vestuário,3,49.9
2025-04-24,Leste,Nordeste,Camiseta,Vestuário,1,49.9
2025-04-13,Leste,Nordeste,Calça,Vestuário,8,119.9
2025-04-15,Leste,Nordeste,Calça,Vestuário,9,119.9
2025-04-23,Leste,Nordeste,Calça,Vestuário,5,119.9
2025-04-24,Leste,Nordeste,Tênis,Calçados,4,199.9
2025-04-28,Leste,Nordeste,Tênis,Calçados,7,199.9
2025-04-21,Leste,Nordeste,Tênis,Calçados,11,199.9
2025-04-23,Leste,Nordeste,Sandália,Calçados,11,89.9
2025-04-16,Leste,Nordeste,Sandália,Calçados,1,89.9
2025-04-14,Leste,Nordeste,Sandália,Calçados,3,89.9
2025-04-25,Leste,Nordeste,Mochila,Acessórios,3,139.9
2025-04-07,Leste,Nordeste,Mochila,Acessórios,3,139.9
2025-04-18,Leste,Nordeste,Mochila,Acessórios,7,139.9
2025-04-27,Leste,Nordeste,Boné,Acessórios,5,39.9
2025-04-08,Leste,Nordeste,Boné,Acessórios,1,39.9
2025-04-01,Leste,Nordeste,Boné,Acessórios,5,39.9
2025-05-26,Centro,Sudeste,Camiseta,Vestuário,7,49.9
2025-05-26,Centro,Sudeste,Camiseta,Vestuário,2,49.9
2025-05-03,Centro,Sudeste,Camiseta,Vestuário,11,49.9
2025-05-03,Centro,Sudeste,Calça,Vestuário,1,119.9
2025-05-12,Centro,Sudeste,Calça,Vestuário,12,119.9
2025-05-20,Centro,Sudeste,Calça,Vestuário,2,119.9
2025-05-24,Centro,Sudeste,Tênis,Calçados,11,199.9
2025-05-23,Centro,Sudeste,Tênis,Calçados,11,199.9
2025-05-07,Centro,Sudeste,Tênis,Calçados,12,199.9
2025-05-09,Centro,Sudeste,Sandália,Calçados,10,89.9
2025-05-17,Centro,Sudeste,Sandália,Calçados,10,89.9
2025-05-18,Centro,Sudeste,Sandália,Calçados,8,89.9
2025-05-18,Centro,Sudeste,Mochila,Acessórios,10,139.9
2025-05-21,Centro,Sudeste,Mochila,Acessórios,2,139.9
2025-05-24,Centro,Sudeste,Mochila,Acessórios,7,139.9
2025-05-10,Centro,Sudeste,Boné,Acessórios,7,39.9
2025-05-28,Centro,Sudeste,Boné,Acessórios,11,39.9
2025-05-24,Centro,Sudeste,Boné,Acessórios,6,39.9
2025-05-22,Norte,Norte,Camiseta,Vestuário,5,49.9
2025-05-20,Norte,Norte,Camiseta,Vestuário,8,49.9
2025-05-07,Norte,Norte,Camiseta,Vestuário,4,49.9
2025-05-02,Norte,Norte,Calça,Vestuário,2,119.9
2025-05-13,Norte,Norte,Calça,Vestuário,6,119.9
2025-05-05,Norte,Norte,Calça,Vestuário,6,119.9
2025-05-17,Norte,Norte,Tênis,Calçados,3,199.9
2025-05-10,Norte,Norte,Tênis,Calçados,5,199.9
2025-05-15,Norte,Norte,Tênis,Calçados,5,199.9
2025-05-21,Norte,Norte,Sandália,Calçados,4,89.9
2025-05-13,Norte,Norte,Sandália,Calçados,5,89.9
2025-05-06,Norte,Norte,Sandália,Calçados,9,89.9
2025-05-07,Norte,Norte,Mochila,Acessórios,4,139.9
2025-05-23,Norte,Norte,Mochila,Acessórios,12,139.9
2025-05-19,Norte,Norte,Mochila,Acessórios,11,139.9
2025-05-24,Norte,Norte,Boné,Acessórios,6,39.9
2025-05-22,Norte,Norte,Boné,Acessórios,4,39.9
2025-05-13,Norte,Norte,Boné,Acessórios,7,39.9
2025-05-27,Sul,Sul,Camiseta,Vestuário,11,49.9
2025-05-14,Sul,Sul,Camiseta,Vestuário,8,49.9
2025-05-06,Sul,Sul,Camiseta,Vestuário,10,49.9
2025-05-16,Sul,Sul,Calça,Vestuário,7,119.9
2025-05-22,Sul,Sul,Calça,Vestuário,8,119.9
2025-05-03,Sul,Sul,Calça,Vestuário,4,119.9
2025-05-05,Sul,Sul,Tênis,Calçados,9,199.9
2025-05-01,Sul,Sul,Tênis,Calçados,3,199.9
2025-05-17,Sul,Sul,Tênis,Calçados,9,199.9
2025-05-15,Sul,Sul,Sandália,Calçados,11,89.9
2025-05-26,Sul,Sul,Sandália,Calçados,2,89.9
2025-05-27,Sul,Sul,Sandália,Calçados,8,89.9
2025-05-18,Sul,Sul,Mochila,Acessórios,2,139.9
2025-05-18,Sul,Sul,Mochila,Acessórios,9,139.9
2025-05-17,Sul,Sul,Mochila,Acessórios,2,139.9
2025-05-15,Sul,Sul,Boné,Acessórios,12,39.9
2025-05-21,Sul,Sul,Boné,Acessórios,2,39.9
2025-05-27,Sul,Sul,Boné,Acessórios,12,39.9
2025-05-05,Leste,Nordeste,Camiseta,Vestuário,10,49.9
2025-05-12,Leste,Nordeste,Camiseta,Vestuário,8,49.9
2025-05-13,Leste,Nordeste,Camiseta,Vestuário,10,49.9
2025-05-28,Leste,Nordeste,Calça,Vestuário,10,119.9
2025-05-27,Leste,Nordeste,Calça,Vestuário,12,119.9
2025-05-03,Leste,Nordeste,Calça,Vestuário,4,119.9
2025-05-21,Leste,Nordeste,Tênis,Calçados,8,199.9
2025-05-02,Leste,Nordeste,Tênis,Calçados,2,199.9
2025-05-15,Leste,Nordeste,Tênis,Calçados,8,199.9
2025-05-05,Leste,Nordeste,Sandália,Calçados,3,89.9
2025-05-04,Leste,Nordeste,Sandália,Calçados,7,89.9
2025-05-01,Leste,Nordeste,Sandália,Calçados,7,89.9
2025-05-14,Leste,Nordeste,Mochila,Acessórios,6,139.9
2025-05-20,Leste,Nordeste,Mochila,Acessórios,7,139.9
2025-05-21,Leste,Nordeste,Mochila,Acessórios,10,139.9
2025-05-26,Leste,Nordeste,Boné,Acessórios,10,39.9
2025-05-15,Leste,Nordeste,Boné,Acessórios,6,39.9
2025-05-07,Leste,Nordeste,Boné,Acessórios,8,39.9
2025-06-04,Centro,Sudeste,Camiseta,Vestuário,12,49.9
2025-06-24,Centro,Sudeste,Camiseta,Vestuário,2,49.9
2025-06-23,Centro,Sudeste,Camiseta,Vestuário,2,49.9
2025-06-21,Centro,Sudeste,Calça,Vestuário,2,119.9
2025-06-14,Centro,Sudeste,Calça,Vestuário,8,119.9
2025-06-21,Centro,Sudeste,Calça,Vestuário,6,119.9
2025-06-26,Centro,Sudeste,Tênis,Calçados,10,199.9
2025-06-06,Centro,Sudeste,Tênis,Calçados,9,199.9
2025-06-21,Centro,Sudeste,Tênis,Calçados,5,199.9
2025-06-21,Centro,Sudeste,Sandália,Calçados,11,89.9
2025-06-23,Centro,Sudeste,Sandália,Calçados,10,89.9
2025-06-18,Centro,Sudeste,Sandália,Calçados,4,89.9
2025-06-23,Centro,Sudeste,Mochila,Acessórios,5,139.9
2025-06-15,Centro,Sudeste,Mochila,Acessórios,4,139.9
2025-06-09,Centro,Sudeste,Mochila,Acessórios,2,139.9
2025-06-27,Centro,Sudeste,Boné,Acessórios,2,39.9
2025-06-03,Centro,Sudeste,Boné,Acessórios,12,39.9
2025-06-16,Centro,Sudeste,Boné,Acessórios,6,39.9
2025-06-21,Norte,Norte,Camiseta,Vestuário,5,49.9
2025-06-04,Norte,Norte,Camiseta,Vestuário,9,49.9
2025-06-05,Norte,Norte,Camiseta,Vestuário,7,49.9
2025-06-27,Norte,Norte,Calça,Vestuário,12,119.9
2025-06-11,Norte,Norte,Calça,Vestuário,10,119.9
2025-06-18,Norte,Norte,Calça,Vestuário,6,119.9
2025-06-04,Norte,Norte,Tênis,Calçados,5,199.9
2025-06-19,Norte,Norte,Tênis,Calçados,12,199.9
2025-06-01,Norte,Norte,Tênis,Calçados,9,199.9
2025-06-24,Norte,Norte,Sandália,Calçados,12,89.9
2025-06-12,Norte,Norte,Sandália,Calçados,2,89.9
2025-06-08,Norte,Norte,Sandália,Calçados,11,89.9
2025-06-25,Norte,Norte,Mochila,Acessórios,8,139.9
2025-06-04,Norte,Norte,Mochila,Acessórios,2,139.9
2025-06-14,Norte,Norte,Mochila,Acessórios,8,139.9
2025-06-01,Norte,Norte,Boné,Acessórios,9,39.9
2025-06-16,Norte,Norte,Boné,Acessórios,1,39.9
2025-06-03,Norte,Norte,Boné,Acessórios,6,39.9
2025-06-21,Sul,Sul,Camiseta,Vestuário,10,49.9
2025-06-13,Sul,Sul,Camiseta,Vestuário,4,49.9
2025-06-28,Sul,Sul,Camiseta,Vestuário,6,49.9
2025-06-09,Sul,Sul,Calça,Vestuário,6,119.9
2025-06-01,Sul,Sul,Calça,Vestuário,4,119.9
2025-06-15,Sul,Sul,Calça,Vestuário,12,119.9
2025-06-21,Sul,Sul,Tênis,Calçados,10,199.9
2025-06-16,Sul,Sul,Tênis,Calçados,2,199.9
2025-06-11,Sul,Sul,Tênis,Calçados,12,199.9
2025-06-02,Sul,Sul,Sandália,Calçados,11,89.9
2025-06-20,Sul,Sul,Sandália,Calçados,4,89.9
2025-06-22,Sul,Sul,Sandália,Calçados,11,89.9
2025-06-02,Sul,Sul,Mochila,Acessórios,2,139.9
2025-06-19,Sul,Sul,Mochila,Acessórios,12,139.9
2025-06-01,Sul,Sul,Mochila,Acessórios,8,139.9
2025-06-04,Sul,Sul,Boné,Acessórios,8,39.9
2025-06-18,Sul,Sul,Boné,Acessórios,2,39.9
2025-06-20,Sul,Sul,Boné,Acessórios,11,39.9
2025-06-25,Leste,Nordeste,Camiseta,Vestuário,1,49.9
2025-06-07,Leste,Nordeste,Camiseta,Vestuário,3,49.9
2025-06-13,Leste,Nordeste,Camiseta,Vestuário,2,49.9
2025-06-24,Leste,Nordeste,Calça,Vestuário,10,119.9
2025-06-23,Leste,Nordeste,Calça,Vestuário,3,119.9
2025-06-01,Leste,Nordeste,Calça,Vestuário,11,119.9
2025-06-09,Leste,Nordeste,Tênis,Calçados,8,199.9
2025-06-26,Leste,Nordeste,Tênis,Calçados,1,199.9
2025-06-01,Leste,Nordeste,Tênis,Calçados,1,199.9
2025-06-05,Leste,Nordeste,Sandália,Calçados,1,89.9
2025-06-23,Leste,Nordeste,Sandália,Calçados,8,89.9
2025-06-28,Leste,Nordeste,Sandália,Calçados,10,89.9
2025-06-27,Leste,Nordeste,Mochila,Acessórios,3,139.9
2025-06-09,Leste,Nordeste,Mochila,Acessórios,11,139.9
2025-06-07,Leste,Nordeste,Mochila,Acessórios,1,139.9
2025-06-19,Leste,Nordeste,Boné,Acessórios,10,39.9
2025-06-28,Leste,Nordeste,Boné,Acessórios,12,39.9
2025-06-04,Leste,Nordeste,Boné,Acessórios,10,39.9
2025-07-24,Centro,Sudeste,Camiseta,Vestuário,9,49.9
2025-07-23,Centro,Sudeste,Camiseta,Vestuário,11,49.9
2025-07-13,Centro,Sudeste,Camiseta,Vestuário,1,49.9
2025-07-13,Centro,Sudeste,Calça,Vestuário,3,119.9
2025-07-04,Centro,Sudeste,Calça,Vestuário,2,119.9
2025-07-20,Centro,Sudeste,Calça,Vestuário,7,119.9
2025-07-16,Centro,Sudeste,Tênis,Calçados,9,199.9
2025-07-16,Centro,Sudeste,Tênis,Calçados,8,199.9
2025-07-03,Centro,Sudeste,Tênis,Calçados,11,199.9
2025-07-13,Centro,Sudeste,Sandália,Calçados,2,89.9
2025-07-23,Centro,Sudeste,Sandália,Calçados,9,89.9
2025-07-02,Centro,Sudeste,Sandália,Calçados,3,89.9
2025-07-01,Centro,Sudeste,Mochila,Acessórios,4,139.9
2025-07-03,Centro,Sudeste,Mochila,Acessórios,9,139.9
2025-07-15,Centro,Sudeste,Mochila,Acessórios,12,139.9
2025-07-21,Centro,Sudeste,Boné,Acessórios,8,39.9
2025-07-15,Centro,Sudeste,Boné,Acessórios,1,39.9
2025-07-02,Centro,Sudeste,Boné,Acessórios,8,39.9
2025-07-01,Norte,Norte,Camiseta,Vestuário,1,49.9
2025-07-07,Norte,Norte,Camiseta,Vestuário,11,49.9
2025-07-13,Norte,Norte,Camiseta,Vestuário,9,49.9
2025-07-12,Norte,Norte,Calça,Vestuário,3,119.9
2025-07-11,Norte,Norte,Calça,Vestuário,2,119.9
2025-07-22,Norte,Norte,Calça,Vestuário,3,119.9
2025-07-11,Norte,Norte,Tênis,Calçados,12,199.9
2025-07-17,Norte,Norte,Tênis,Calçados,6,199.9
2025-07-16,Norte,Norte,Tênis,Calçados,10,199.9
2025-07-08,Norte,Norte,Sandália,Calçados,8,89.9
2025-07-25,Norte,Norte,Sandália,Calçados,7,89.9
2025-07-13,Norte,Norte,Sandália,Calçados,2,89.9
2025-07-07,Norte,Norte,Mochila,Acessórios,12,139.9
2025-07-16,Norte,Norte,Mochila,Acessórios,4,139.9
2025-07-12,Norte,Norte,Mochila,Acessórios,7,139.9
2025-07-16,Norte,Norte,Boné,Acessórios,9,39.9
2025-07-08,Norte,Norte,Boné,Acessórios,8,39.9
2025-07-13,Norte,Norte,Boné,Acessórios,12,39.9
2025-07-05,Sul,Sul,Camiseta,Vestuário,2,49.9
2025-07-13,Sul,Sul,Camiseta,Vestuário,7,49.9
2025-07-20,Sul,Sul,Camiseta,Vestuário,5,49.9
2025-07-26,Sul,Sul,Calça,Vestuário,6,119.9
2025-07-04,Sul,Sul,Calça,Vestuário,2,119.9
2025-07-28,Sul,Sul,Calça,Vestuário,2,119.9
2025-07-27,Sul,Sul,Tênis,Calçados,4,199.9
2025-07-03,Sul,Sul,Tênis,Calçados,4,199.9
2025-07-18,Sul,Sul,Tênis,Calçados,6,199.9
2025-07-22,Sul,Sul,Sandália,Calçados,8,89.9
2025-07-12,Sul,Sul,Sandália,Calçados,8,89.9
2025-07-28,Sul,Sul,Sandália,Calçados,5,89.9
2025-07-05,Sul,Sul,Mochila,Acessórios,5,139.9
2025-07-24,Sul,Sul,Mochila,Acessórios,3,139.9
2025-07-27,Sul,Sul,Mochila,Acessórios,8,139.9
2025-07-17,Sul,Sul,Boné,Acessórios,4,39.9
2025-07-26,Sul,Sul,Boné,Acessórios,1,39.9
2025-07-09,Sul,Sul,Boné,Acessórios,6,39.9
2025-07-14,Leste,Nordeste,Camiseta,Vestuário,6,49.9
2025-07-05,Leste,Nordeste,Camiseta,Vestuário,3,49.9
2025-07-03,Leste,Nordeste,Camiseta,Vestuário,7,49.9
2025-07-10,Leste,Nordeste,Calça,Vestuário,7,119.9
2025-07-17,Leste,Nordeste,Calça,Vestuário,9,119.9
2025-07-16,Leste,Nordeste,Calça,Vestuário,8,119.9
2025-07-17,Leste,Nordeste,Tênis,Calçados,8,199.9
2025-07-18,Leste,Nordeste,Tênis,Calçados,4,199.9
2025-07-07,Leste,Nordeste,Tênis,Calçados,10,199.9
2025-07-10,Leste,Nordeste,Sandália,Calçados,7,89.9
2025-07-06,Leste,Nordeste,Sandália,Calçados,6,89.9
2025-07-15,Leste,Nordeste,Sandália,Calçados,8,89.9
2025-07-15,Leste,Nordeste,Mochila,Acessórios,5,139.9
2025-07-27,Leste,Nordeste,Mochila,Acessórios,7,139.9
2025-07-23,Leste,Nordeste,Mochila,Acessórios,9,139.9
2025-07-16,Leste,Nordeste,Boné,Acessórios,11,39.9
2025-07-04,Leste,Nordeste,Boné,Acessórios,12,39.9
2025-07-24,Leste,Nordeste,Boné,Acessórios,7,39.9
2025-08-21,Centro,Sudeste,Camiseta,Vestuário,7,49.9
2025-08-08,Centro,Sudeste,Camiseta,Vestuário,10,49.9
2025-08-07,Centro,Sudeste,Camiseta,Vestuário,4,49.9
2025-08-15,Centro,Sudeste,Calça,Vestuário,11,119.9
2025-08-11,Centro,Sudeste,Calça,Vestuário,6,119.9
2025-08-02,Centro,Sudeste,Calça,Vestuário,2,119.9
2025-08-02,Centro,Sudeste,Tênis,Calçados,1,199.9
2025-08-25,Centro,Sudeste,Tênis,Calçados,11,199.9
2025-08-24,Centro,Sudeste,Tênis,Calçados,1,199.9
2025-08-03,Centro,Sudeste,Sandália,Calçados,4,89.9
2025-08-16,Centro,Sudeste,Sandália,Calçados,5,89.9
2025-08-14,Centro,Sudeste,Sandália,Calçados,3,89.9
2025-08-21,Centro,Sudeste,Mochila,Acessórios,4,139.9
2025-08-02,Centro,Sudeste,Mochila,Acessórios,9,139.9
2025-08-26,Centro,Sudeste,Mochila,Acessórios,1,139.9
2025-08-13,Centro,Sudeste,Boné,Acessórios,10,39.9
2025-08-20,Centro,Sudeste,Boné,Acessórios,11,39.9
2025-08-12,Centro,Sudeste,Boné,Acessórios,5,39.9
2025-08-20,Norte,Norte,Camiseta,Vestuário,2,49.9
2025-08-07,Norte,Norte,Camiseta,Vestuário,8,49.9
2025-08-19,Norte,Norte,Camiseta,Vestuário,2,49.9
2025-08-15,Norte,Norte,Calça,Vestuário,5,119.9
2025-08-15,Norte,Norte,Calça,Vestuário,12,119.9
2025-08-03,Norte,Norte,Calça,Vestuário,12,119.9
2025-08-13,Norte,Norte,Tênis,Calçados,10,199.9
2025-08-12,Norte,Norte,Tênis,Calçados,4,199.9
2025-08-22,Norte,Norte,Tênis,Calçados,9,199.9
2025-08-05,Norte,Norte,Sandália,Calçados,9,89.9
2025-08-22,Norte,Norte,Sandália,Calçados,5,89.9
2025-08-26,Norte,Norte,Sandália,Calçados,8,89.9
2025-08-10,Norte,Norte,Mochila,Acessórios,1,139.9
2025-08-19,Norte,Norte,Mochila,Acessórios,3,139.9
2025-08-22,Norte,Norte,Mochila,Acessórios,7,139.9
2025-08-14,Norte,Norte,Boné,Acessórios,2,39.9
2025-08-20,Norte,Norte,Boné,Acessórios,2,39.9
2025-08-12,Norte,Norte,Boné,Acessórios,11,39.9
2025-08-26,Sul,Sul,Camiseta,Vestuário,12,49.9
2025-08-27,Sul,Sul,Camiseta,Vestuário,7,49.9
2025-08-06,Sul,Sul,Camiseta,Vestuário,11,49.9
2025-08-23,Sul,Sul,Calça,Vestuário,12,119.9
2025-08-19,Sul,Sul,Calça,Vestuário,2,119.9
2025-08-15,Sul,Sul,Calça,Vestuário,6,119.9
2025-08-24,Sul,Sul,Tênis,Calçados,5,199.9
2025-08-10,Sul,Sul,Tênis,Calçados,1,199.9
2025-08-24,Sul,Sul,Tênis,Calçados,10,199.9
2025-08-02,Sul,Sul,Sandália,Calçados,6,89.9
2025-08-14,Sul,Sul,Sandália,Calçados,6,89.9
2025-08-26,Sul,Sul,Sandália,Calçados,2,89.9
2025-08-09,Sul,Sul,Mochila,Acessórios,3,139.9
2025-08-07,Sul,Sul,Mochila,Acessórios,11,139.9
2025-08-27,Sul,Sul,Mochila,Acessórios,1,139.9
2025-08-18,Sul,Sul,Boné,Acessórios,3,39.9
2025-08-06,Sul,Sul,Boné,Acessórios,4,39.9
2025-08-06,Sul,Sul,Boné,Acessórios,6,39.9
2025-08-28,Leste,Nordeste,Camiseta,Vestuário,8,49.9
2025-08-21,Leste,Nordeste,Camiseta,Vestuário,6,49.9
2025-08-01,Leste,Nordeste,Camiseta,Vestuário,2,49.9
2025-08-08,Leste,Nordeste,Calça,Vestuário,3,119.9
2025-08-24,Leste,Nordeste,Calça,Vestuário,11,119.9
2025-08-24,Leste,Nordeste,Calça,Vestuário,8,119.9
2025-08-16,Leste,Nordeste,Tênis,Calçados,8,199.9
2025-08-12,Leste,Nordeste,Tênis,Calçados,9,199.9
2025-08-23,Leste,Nordeste,Tênis,Calçados,10,199.9
2025-08-18,Leste,Nordeste,Sandália,Calçados,1,89.9
2025-08-21,Leste,Nordeste,Sandália,Calçados,5,89.9
2025-08-21,Leste,Nordeste,Sandália,Calçados,7,89.9
2025-08-25,Leste,Nordeste,Mochila,Acessórios,5,139.9
2025-08-27,Leste,Nordeste,Mochila,Acessórios,11,139.9
2025-08-10,Leste,Nordeste,Mochila,Acessórios,6,139.9
2025-08-15,Leste,Nordeste,Boné,Acessórios,10,39.9
2025-08-20,Leste,Nordeste,Boné,Acessórios,11,39.9
2025-08-11,Leste,Nordeste,Boné,Acessórios,7,39.9
2025-09-13,Centro,Sudeste,Camiseta,Vestuário,11,49.9
2025-09-09,Centro,Sudeste,Camiseta,Vestuário,8,49.9
2025-09-04,Centro,Sudeste,Camiseta,Vestuário,11,49.9
2025-09-11,Centro,Sudeste,Calça,Vestuário,5,119.9
2025-09-17,Centro,Sudeste,Calça,Vestuário,6,119.9
2025-09-24,Centro,Sudeste,Calça,Vestuário,7,119.9
2025-09-15,Centro,Sudeste,Tênis,Calçados,2,199.9
2025-09-01,Centro,Sudeste,Tênis,Calçados,5,199.9
2025-09-28,Centro,Sudeste,Tênis,Calçados,12,199.9
2025-09-18,Centro,Sudeste,Sandália,Calçados,8,89.9
2025-09-11,Centro,Sudeste,Sandália,Calçados,3,89.9
2025-09-01,Centro,Sudeste,Sandália,Calçados,5,89.9
2025-09-09,Centro,Sudeste,Mochila,Acessórios,3,139.9
2025-09-08,Centro,Sudeste,Mochila,Acessórios,1,139.9
2025-09-18,Centro,Sudeste,Mochila,Acessórios,12,139.9
2025-09-20,Centro,Sudeste,Boné,Acessórios,6,39.9
2025-09-12,Centro,Sudeste,Boné,Acessórios,4,39.9
2025-09-04,Centro,Sudeste,Boné,Acessórios,8,39.9
2025-09-16,Norte,Norte,Camiseta,Vestuário,1,49.9
2025-09-12,Norte,Norte,Camiseta,Vestuário,4,49.9
2025-09-05,Norte,Norte,Camiseta,Vestuário,9,49.9
2025-09-15,Norte,Norte,Calça,Vestuário,8,119.9
2025-09-20,Norte,Norte,Calça,Vestuário,12,119.9
2025-09-23,Norte,Norte,Calça,Vestuário,8,119.9
2025-09-25,Norte,Norte,Tênis,Calçados,6,199.9
2025-09-28,Norte,Norte,Tênis,Calçados,10,199.9
2025-09-19,Norte,Norte,Tênis,Calçados,11,199.9
2025-09-15,Norte,Norte,Sandália,Calçados,9,89.9
2025-09-08,Norte,Norte,Sandália,Calçados,12,89.9
2025-09-18,Norte,Norte,Sandália,Calçados,10,89.9
2025-09-13,Norte,Norte,Mochila,Acessórios,11,139.9
2025-09-03,Norte,Norte,Mochila,Acessórios,2,139.9
2025-09-15,Norte,Norte,Mochila,Acessórios,9,139.9
2025-09-23,Norte,Norte,Boné,Acessórios,6,39.9
2025-09-19,Norte,Norte,Boné,Acessórios,7,39.9
2025-09-27,Norte,Norte,Boné,Acessórios,8,39.9
2025-09-12,Sul,Sul,Camiseta,Vestuário,12,49.9
2025-09-04,Sul,Sul,Camiseta,Vestuário,12,49.9
2025-09-05,Sul,Sul,Camiseta,Vestuário,4,49.9
2025-09-24,Sul,Sul,Calça,Vestuário,9,119.9
2025-09-28,Sul,Sul,Calça,Vestuário,9,119.9
2025-09-18,Sul,Sul,Calça,Vestuário,5,119.9
2025-09-01,Sul,Sul,Tênis,Calçados,2,199.9
2025-09-09,Sul,Sul,Tênis,Calçados,1,199.9
2025-09-15,Sul,Sul,Tênis,Calçados,10,199.9
2025-09-27,Sul,Sul,Sandália,Calçados,6,89.9
2025-09-25,Sul,Sul,Sandália,Calçados,12,89.9
2025-09-25,Sul,Sul,Sandália,Calçados,6,89.9
2025-09-10,Sul,Sul,Mochila,Acessórios,12,139.9
2025-09-07,Sul,Sul,Mochila,Acessórios,5,139.9
2025-09-03,Sul,Sul,Mochila,Acessórios,10,139.9
2025-09-19,Sul,Sul,Boné,Acessórios,2,39.9
2025-09-07,Sul,Sul,Boné,Acessórios,7,39.9
2025-09-16,Sul,Sul,Boné,Acessórios,10,39.9
2025-09-08,Leste,Nordeste,Camiseta,Vestuário,12,49.9
2025-09-13,Leste,Nordeste,Camiseta,Vestuário,10,49.9
2025-09-07,Leste,Nordeste,Camiseta,Vestuário,1,49.9
2025-09-02,Leste,Nordeste,Calça,Vestuário,5,119.9
2025-09-27,Leste,Nordeste,Calça,Vestuário,1,119.9
2025-09-11,Leste,Nordeste,Calça,Vestuário,2,119.9
2025-09-27,Leste,Nordeste,Tênis,Calçados,9,199.9
2025-09-22,Leste,Nordeste,Tênis,Calçados,9,199.9
2025-09-19,Leste,Nordeste,Tênis,Calçados,10,199.9
2025-09-01,Leste,Nordeste,Sandália,Calçados,11,89.9
2025-09-21,Leste,Nordeste,Sandália,Calçados,9,89.9
2025-09-12,Leste,Nordeste,Sandália,Calçados,10,89.9
2025-09-11,Leste,Nordeste,Mochila,Acessórios,1,139.9
2025-09-26,Leste,Nordeste,Mochila,Acessórios,3,139.9
2025-09-03,Leste,Nordeste,Mochila,Acessórios,8,139.9
2025-09-07,Leste,Nordeste,Boné,Acessórios,11,39.9
2025-09-13,Leste,Nordeste,Boné,Acessórios,1,39.9
2025-09-27,Leste,Nordeste,Boné,Acessórios,7,39.9
2025-10-08,Centro,Sudeste,Camiseta,Vestuário,9,49.9
2025-10-15,Centro,Sudeste,Camiseta,Vestuário,1,49.9
2025-10-22,Centro,Sudeste,Camiseta,Vestuário,5,49.9
2025-10-20,Centro,Sudeste,Calça,Vestuário,11,119.9
2025-10-18,Centro,Sudeste,Calça,Vestuário,9,119.9
2025-10-08,Centro,Sudeste,Calça,Vestuário,3,119.9
2025-10-12,Centro,Sudeste,Tênis,Calçados,11,199.9
2025-10-15,Centro,Sudeste,Tênis,Calçados,5,199.9
2025-10-22,Centro,Sudeste,Tênis,Calçados,11,199.9
2025-10-26,Centro,Sudeste,Sandália,Calçados,4,89.9
2025-10-20,Centro,Sudeste,Sandália,Calçados,8,89.9
2025-10-13,Centro,Sudeste,Sandália,Calçados,5,89.9
2025-10-04,Centro,Sudeste,Mochila,Acessórios,4,139.9
2025-10-16,Centro,Sudeste,Mochila,Acessórios,11,139.9
2025-10-25,Centro,Sudeste,Mochila,Acessórios,3,139.9
2025-10-20,Centro,Sudeste,Boné,Acessórios,2,39.9
2025-10-19,Centro,Sudeste,Boné,Acessórios,5,39.9
2025-10-13,Centro,Sudeste,Boné,Acessórios,9,39.9
2025-10-12,Norte,Norte,Camiseta,Vestuário,10,49.9
2025-10-15,Norte,Norte,Camiseta,Vestuário,12,49.9
2025-10-18,Norte,Norte,Camiseta,Vestuário,4,49.9
2025-10-22,Norte,Norte,Calça,Vestuário,5,119.9
2025-10-15,Norte,Norte,Calça,Vestuário,2,119.9
2025-10-04,Norte,Norte,Calça,Vestuário,7,119.9
2025-10-06,Norte,Norte,Tênis,Calçados,12,199.9
2025-10-24,Norte,Norte,Tênis,Calçados,9,199.9
2025-10-21,Norte,Norte,Tênis,Calçados,8,199.9
2025-10-02,Norte,Norte,Sandália,Calçados,5,89.9
2025-10-14,Norte,Norte,Sandália,Calçados,11,89.9
2025-10-07,Norte,Norte,Sandália,Calçados,6,89.9
2025-10-10,Norte,Norte,Mochila,Acessórios,2,139.9
2025-10-03,Norte,Norte,Mochila,Acessórios,5,139.9
2025-10-03,Norte,Norte,Mochila,Acessórios,1,139.9
2025-10-10,Norte,Norte,Boné,Acessórios,3,39.9
2025-10-16,Norte,Norte,Boné,Acessórios,1,39.9
2025-10-09,Norte,Norte,Boné,Acessórios,6,39.9
2025-10-27,Sul,Sul,Camiseta,Vestuário,8,49.9
2025-10-25,Sul,Sul,Camiseta,Vestuário,5,49.9
2025-10-13,Sul,Sul,Camiseta,Vestuário,6,49.9
2025-10-25,Sul,Sul,Calça,Vestuário,12,119.9
2025-10-27,Sul,Sul,Calça,Vestuário,10,119.9
2025-10-15,Sul,Sul,Calça,Vestuário,7,119.9
2025-10-28,Sul,Sul,Tênis,Calçados,4,199.9
2025-10-10,Sul,Sul,Tênis,Calçados,11,199.9
2025-10-11,Sul,Sul,Tênis,Calçados,3,199.9
2025-10-16,Sul,Sul,Sandália,Calçados,4,89.9
2025-10-25,Sul,Sul,Sandália,Calçados,11,89.9
2025-10-09,Sul,Sul,Sandália,Calçados,7,89.9
2025-10-28,Sul,Sul,Mochila,Acessórios,9,139.9
2025-10-07,Sul,Sul,Mochila,Acessórios,8,139.9
2025-10-18,Sul,Sul,Mochila,Acessórios,8,139.9
2025-10-01,Sul,Sul,Boné,Acessórios,4,39.9
2025-10-24,Sul,Sul,Boné,Acessórios,3,39.9
2025-10-09,Sul,Sul,Boné,Acessórios,4,39.9
2025-10-05,Leste,Nordeste,Camiseta,Vestuário,2,49.9
2025-10-10,Leste,Nordeste,Camiseta,Vestuário,11,49.9
2025-10-01,Leste,Nordeste,Camiseta,Vestuário,4,49.9
2025-10-02,Leste,Nordeste,Calça,Vestuário,7,119.9
2025-10-08,Leste,Nordeste,Calça,Vestuário,10,119.9
2025-10-17,Leste,Nordeste,Calça,Vestuário,10,119.9
2025-10-18,Leste,Nordeste,Tênis,Calçados,6,199.9
2025-10-25,Leste,Nordeste,Tênis,Calçados,6,199.9
2025-10-27,Leste,Nordeste,Tênis,Calçados,12,199.9
2025-10-17,Leste,Nordeste,Sandália,Calçados,9,89.9
2025-10-08,Leste,Nordeste,Sandália,Calçados,10,89.9
2025-10-19,Leste,Nordeste,Sandália,Calçados,11,89.9
2025-10-08,Leste,Nordeste,Mochila,Acessórios,10,139.9
2025-10-14,Leste,Nordeste,Mochila,Acessórios,3,139.9
2025-10-05,Leste,Nordeste,Mochila,Acessórios,7,139.9
2025-10-09,Leste,Nordeste,Boné,Acessórios,2,39.9
2025-10-12,Leste,Nordeste,Boné,Acessórios,8,39.9
2025-10-09,Leste,Nordeste,Boné,Acessórios,12,39.9
2025-11-22,Centro,Sudeste,Camiseta,Vestuário,9,49.9
2025-11-27,Centro,Sudeste,Camiseta,Vestuário,8,49.9
2025-11-04,Centro,Sudeste,Camiseta,Vestuário,3,49.9
2025-11-27,Centro,Sudeste,Calça,Vestuário,14,119.9
2025-11-21,Centro,Sudeste,Calça,Vestuário,4,119.9
2025-11-09,Centro,Sudeste,Calça,Vestuário,3,119.9
2025-11-02,Centro,Sudeste,Tênis,Calçados,5,199.9
2025-11-17,Centro,Sudeste,Tênis,Calçados,3,199.9
2025-11-28,Centro,Sudeste,Tênis,Calçados,8,199.9
2025-11-08,Centro,Sudeste,Sandália,Calçados,9,89.9
2025-11-23,Centro,Sudeste,Sandália,Calçados,6,89.9
2025-11-02,Centro,Sudeste,Sandália,Calçados,3,89.9
2025-11-24,Centro,Sudeste,Mochila,Acessórios,4,139.9
2025-11-18,Centro,Sudeste,Mochila,Acessórios,7,139.9
2025-11-22,Centro,Sudeste,Mochila,Acessórios,3,139.9
2025-11-26,Centro,Sudeste,Boné,Acessórios,11,39.9
2025-11-13,Centro,Sudeste,Boné,Acessórios,5,39.9
2025-11-28,Centro,Sudeste,Boné,Acessórios,6,39.9
2025-11-14,Norte,Norte,Camiseta,Vestuário,7,49.9
2025-11-07,Norte,Norte,Camiseta,Vestuário,7,49.9
2025-11-05,Norte,Norte,Camiseta,Vestuário,3,49.9
2025-11-09,Norte,Norte,Calça,Vestuário,4,119.9
2025-11-12,Norte,Norte,Calça,Vestuário,13,119.9
2025-11-05,Norte,Norte,Calça,Vestuário,3,119.9
2025-11-04,Norte,Norte,Tênis,Calçados,9,199.9
2025-11-08,Norte,Norte,Tênis,Calçados,8,199.9
2025-11-01,Norte,Norte,Tênis,Calçados,6,199.9
2025-11-12,Norte,Norte,Sandália,Calçados,8,89.9
2025-11-16,Norte,Norte,Sandália,Calçados,12,89.9
2025-11-14,Norte,Norte,Sandália,Calçados,13,89.9
2025-11-15,Norte,Norte,Mochila,Acessórios,6,139.9
2025-11-07,Norte,Norte,Mochila,Acessórios,6,139.9
2025-11-17,Norte,Norte,Mochila,Acessórios,5,139.9
2025-11-26,Norte,Norte,Boné,Acessórios,8,39.9
2025-11-25,Norte,Norte,Boné,Acessórios,11,39.9
2025-11-10,Norte,Norte,Boné,Acessórios,5,39.9
2025-11-21,Sul,Sul,Camiseta,Vestuário,6,49.9
2025-11-07,Sul,Sul,Camiseta,Vestuário,14,49.9
2025-11-14,Sul,Sul,Camiseta,Vestuário,3,49.9
2025-11-14,Sul,Sul,Calça,Vestuário,8,119.9
2025-11-25,Sul,Sul,Calça,Vestuário,11,119.9
2025-11-06,Sul,Sul,Calça,Vestuário,4,119.9
2025-11-17,Sul,Sul,Tênis,Calçados,3,199.9
2025-11-09,Sul,Sul,Tênis,Calçados,4,199.9
2025-11-01,Sul,Sul,Tênis,Calçados,14,199.9
2025-11-03,Sul,Sul,Sandália,Calçados,3,89.9
2025-11-27,Sul,Sul,Sandália,Calçados,5,89.9
2025-11-23,Sul,Sul,Sandália,Calçados,3,89.9
2025-11-05,Sul,Sul,Mochila,Acessórios,4,139.9
2025-11-20,Sul,Sul,Mochila,Acessórios,10,139.9
2025-11-14,Sul,Sul,Mochila,Acessórios,5,139.9
2025-11-03,Sul,Sul,Boné,Acessórios,9,39.9
2025-11-07,Sul,Sul,Boné,Acessórios,10,39.9
2025-11-20,Sul,Sul,Boné,Acessórios,13,39.9
2025-11-14,Leste,Nordeste,Camiseta,Vestuário,3,49.9
2025-11-08,Leste,Nordeste,Camiseta,Vestuário,13,49.9
2025-11-15,Leste,Nordeste,Camiseta,Vestuário,10,49.9
2025-11-13,Leste,Nordeste,Calça,Vestuário,4,119.9
2025-11-26,Leste,Nordeste,Calça,Vestuário,12,119.9
2025-11-28,Leste,Nordeste,Calça,Vestuário,13,119.9
2025-11-09,Leste,Nordeste,Tênis,Calçados,6,199.9
2025-11-07,Leste,Nordeste,Tênis,Calçados,14,199.9
2025-11-16,Leste,Nordeste,Tênis,Calçados,8,199.9
2025-11-28,Leste,Nordeste,Sandália,Calçados,10,89.9
2025-11-26,Leste,Nordeste,Sandália,Calçados,14,89.9
2025-11-03,Leste,Nordeste,Sandália,Calçados,7,89.9
2025-11-21,Leste,Nordeste,Mochila,Acessórios,12,139.9
2025-11-05,Leste,Nordeste,Mochila,Acessórios,6,139.9
2025-11-16,Leste,Nordeste,Mochila,Acessórios,12,139.9
2025-11-04,Leste,Nordeste,Boné,Acessórios,10,39.9
2025-11-09,Leste,Nordeste,Boné,Acessórios,5,39.9
2025-11-15,Leste,Nordeste,Boné,Acessórios,7,39.9
2025-12-18,Centro,Sudeste,Camiseta,Vestuário,6,49.9
2025-12-24,Centro,Sudeste,Camiseta,Vestuário,3,49.9
2025-12-25,Centro,Sudeste,Camiseta,Vestuário,3,49.9
2025-12-21,Centro,Sudeste,Calça,Vestuário,7,119.9
2025-12-11,Centro,Sudeste,Calça,Vestuário,3,119.9
2025-12-20,Centro,Sudeste,Calça,Vestuário,4,119.9
2025-12-19,Centro,Sudeste,Tênis,Calçados,11,199.9
2025-12-24,Centro,Sudeste,Tênis,Calçados,11,199.9
2025-12-09,Centro,Sudeste,Tênis,Calçados,11,199.9
2025-12-24,Centro,Sudeste,Sandália,Calçados,6,89.9
2025-12-04,Centro,Sudeste,Sandália,Calçados,13,89.9
2025-12-05,Centro,Sudeste,Sandália,Calçados,10,89.9
2025-12-07,Centro,Sudeste,Mochila,Acessórios,4,139.9
2025-12-22,Centro,Sudeste,Mochila,Acessórios,4,139.9
2025-12-19,Centro,Sudeste,Mochila,Acessórios,11,139.9
2025-12-02,Centro,Sudeste,Boné,Acessórios,5,39.9
2025-12-23,Centro,Sudeste,Boné,Acessórios,9,39.9
2025-12-04,Centro,Sudeste,Boné,Acessórios,14,39.9
2025-12-08,Norte,Norte,Camiseta,Vestuário,3,49.9
2025-12-26,Norte,Norte,Camiseta,Vestuário,3,49.9
2025-12-16,Norte,Norte,Camiseta,Vestuário,14,49.9
2025-12-17,Norte,Norte,Calça,Vestuário,10,119.9
2025-12-11,Norte,Norte,Calça,Vestuário,4,119.9
2025-12-17,Norte,Norte,Calça,Vestuário,13,119.9
2025-12-03,Norte,Norte,Tênis,Calçados,13,199.9
2025-12-12,Norte,Norte,Tênis,Calçados,9,199.9
2025-12-05,Norte,Norte,Tênis,Calçados,10,199.9
2025-12-06,Norte,Norte,Sandália,Calçados,6,89.9
2025-12-21,Norte,Norte,Sandália,Calçados,3,89.9
2025-12-13,Norte,Norte,Sandália,Calçados,10,89.9
2025-12-04,Norte,Norte,Mochila,Acessórios,6,139.9
2025-12-10,Norte,Norte,Mochila,Acessórios,10,139.9
2025-12-28,Norte,Norte,Mochila,Acessórios,13,139.9
2025-12-06,Norte,Norte,Boné,Acessórios,3,39.9
2025-12-02,Norte,Norte,Boné,Acessórios,10,39.9
2025-12-05,Norte,Norte,Boné,Acessórios,5,39.9
2025-12-24,Sul,Sul,Camiseta,Vestuário,13,49.9
2025-12-24,Sul,Sul,Camiseta,Vestuário,6,49.9
2025-12-18,Sul,Sul,Camiseta,Vestuário,10,49.9
2025-12-06,Sul,Sul,Calça,Vestuário,9,119.9
2025-12-15,Sul,Sul,Calça,Vestuário,7,119.9
2025-12-22,Sul,Sul,Calça,Vestuário,11,119.9
2025-12-15,Sul,Sul,Tênis,Calçados,11,199.9
2025-12-22,Sul,Sul,Tênis,Calçados,9,199.9
2025-12-08,Sul,Sul,Tênis,Calçados,12,199.9
2025-12-21,Sul,Sul,Sandália,Calçados,14,89.9
2025-12-05,Sul,Sul,Sandália,Calçados,8,89.9
2025-12-26,Sul,Sul,Sandália,Calçados,9,89.9
2025-12-27,Sul,Sul,Mochila,Acessórios,3,139.9
2025-12-01,Sul,Sul,Mochila,Acessórios,12,139.9
2025-12-11,Sul,Sul,Mochila,Acessórios,9,139.9
2025-12-12,Sul,Sul,Boné,Acessórios,7,39.9
2025-12-27,Sul,Sul,Boné,Acessórios,4,39.9
2025-12-22,Sul,Sul,Boné,Acessórios,13,39.9
2025-12-19,Leste,Nordeste,Camiseta,Vestuário,7,49.9
2025-12-05,Leste,Nordeste,Camiseta,Vestuário,11,49.9
2025-12-14,Leste,Nordeste,Camiseta,Vestuário,4,49.9
2025-12-11,Leste,Nordeste,Calça,Vestuário,14,119.9
2025-12-08,Leste,Nordeste,Calça,Vestuário,5,119.9
2025-12-20,Leste,Nordeste,Calça,Vestuário,5,119.9
2025-12-26,Leste,Nordeste,Tênis,Calçados,13,199.9
2025-12-28,Leste,Nordeste,Tênis,Calçados,13,199.9
2025-12-07,Leste,Nordeste,Tênis,Calçados,5,199.9
2025-12-10,Leste,Nordeste,Sandália,Calçados,8,89.9
2025-12-25,Leste,Nordeste,Sandália,Calçados,11,89.9
2025-12-19,Leste,Nordeste,Sandália,Calçados,13,89.9
2025-12-19,Leste,Nordeste,Mochila,Acessórios,7,139.9
2025-12-12,Leste,Nordeste,Mochila,Acessórios,9,139.9
2025-12-03,Leste,Nordeste,Mochila,Acessórios,11,139.9
2025-12-19,Leste,Nordeste,Boné,Acessórios,11,39.9
2025-12-15,Leste,Nordeste,Boné,Acessórios,12,39.9
2025-12-27,Leste,Nordeste,Boné,Acessórios,9,39.9
